Timestamp,Coin Name,Price,24h Change,Market Cap
2026-10-03 09:26:27,Bitcoin (BTC),"$84,651",-0.98%,"$1,700,852,673,713"
2026-10-03 09:26:27,Ethereum (ETH),"$2,681.06",-1.37%,"$327,362,157,566"
2026-10-03 09:26:27,Tether (USDT),$0.999926,0.02%,"$184,072,050,783"
2026-10-03 09:26:27,BNB (BNB),$768.27,-0.96%,"$102,301,243,782"
2026-10-03 09:26:27,XRP (XRP),$1.49,-1.20%,"$93,984,615,605"
2026-10-03 09:26:27,USDC (USDC),$0.999968,0.00%,"$74,116,302,600"
2026-10-03 09:26:27,Solana (SOL),$119.34,-1.50%,"$70,188,361,331"
2026-10-03 09:26:27,TRON (TRX),$0.334259,-0.06%,"$31,747,027,322"
2026-10-03 09:26:27,Figure Heloc (FIGR_HELOC),$1.044,2.41%,"$24,476,597,436"
2026-10-03 09:26:27,Zcash (ZEC),"$1,321.73",-1.00%,"$22,425,312,638"
